<?xml version="1.0" encoding="UTF-8"?>
<office:document-content xmlns:office="urn:oasis:names:tc:opendocument:xmlns:office:1.0" xmlns:style="urn:oasis:names:tc:opendocument:xmlns:style:1.0" xmlns:text="urn:oasis:names:tc:opendocument:xmlns:text:1.0" xmlns:table="urn:oasis:names:tc:opendocument:xmlns:table:1.0" xmlns:draw="urn:oasis:names:tc:opendocument:xmlns:drawing:1.0" xmlns:fo="urn:oasis:names:tc:opendocument:xmlns:xsl-fo-compatible:1.0" xmlns:xlink="http://www.w3.org/1999/xlink" xmlns:dc="http://purl.org/dc/elements/1.1/" xmlns:meta="urn:oasis:names:tc:opendocument:xmlns:meta:1.0" xmlns:number="urn:oasis:names:tc:opendocument:xmlns:datastyle:1.0" xmlns:svg="urn:oasis:names:tc:opendocument:xmlns:svg-compatible:1.0" xmlns:chart="urn:oasis:names:tc:opendocument:xmlns:chart:1.0" xmlns:dr3d="urn:oasis:names:tc:opendocument:xmlns:dr3d:1.0" xmlns:math="http://www.w3.org/1998/Math/MathML" xmlns:form="urn:oasis:names:tc:opendocument:xmlns:form:1.0" xmlns:script="urn:oasis:names:tc:opendocument:xmlns:script:1.0" xmlns:ooo="http://openoffice.org/2004/office" xmlns:ooow="http://openoffice.org/2004/writer" xmlns:oooc="http://openoffice.org/2004/calc" xmlns:dom="http://www.w3.org/2001/xml-events" xmlns:xforms="http://www.w3.org/2002/xforms" xmlns:xsd="http://www.w3.org/2001/XMLSchema" xmlns:xsi="http://www.w3.org/2001/XMLSchema-instance" xmlns:rpt="http://openoffice.org/2005/report" xmlns:of="urn:oasis:names:tc:opendocument:xmlns:of:1.2" xmlns:xhtml="http://www.w3.org/1999/xhtml" xmlns:grddl="http://www.w3.org/2003/g/data-view#" xmlns:tableooo="http://openoffice.org/2009/table" xmlns:textooo="http://openoffice.org/2013/office" xmlns:field="urn:openoffice:names:experimental:ooo-ms-interop:xmlns:field:1.0" office:version="1.2"><office:scripts/><office:font-face-decls><style:font-face style:name="Times New Roman" svg:font-family="&apos;Times New Roman&apos;" style:font-family-generic="roman" style:font-pitch="variable"/><style:font-face style:name="Arial" svg:font-family="Arial" style:font-family-generic="swiss" style:font-pitch="variable"/><style:font-face style:name="Arial Unicode MS" svg:font-family="&apos;Arial Unicode MS&apos;" style:font-family-generic="system" style:font-pitch="variable"/></office:font-face-decls><office:automatic-styles><style:style style:name="fr1" style:family="graphic" style:parent-style-name="Graphics"><style:graphic-properties style:mirror="none" fo:clip="rect(0cm, 0cm, 0cm, 0cm)" draw:luminance="0%" draw:contrast="0%" draw:red="0%" draw:green="0%" draw:blue="0%" draw:gamma="100%" draw:color-inversion="false" draw:image-opacity="100%" draw:color-mode="standard"/></style:style><style:style style:name="fr2" style:family="graphic" style:parent-style-name="Graphics"><style:graphic-properties style:horizontal-pos="center" style:horizontal-rel="paragraph" style:mirror="none" fo:clip="rect(0cm, 0cm, 0cm, 0cm)" draw:luminance="0%" draw:contrast="0%" draw:red="0%" draw:green="0%" draw:blue="0%" draw:gamma="100%" draw:color-inversion="false" draw:image-opacity="100%" draw:color-mode="standard"/></style:style></office:automatic-styles><office:body><office:text text:use-soft-page-breaks="true"><text:sequence-decls><text:sequence-decl text:display-outline-level="0" text:name="Illustration"/><text:sequence-decl text:display-outline-level="0" text:name="Table"/><text:sequence-decl text:display-outline-level="0" text:name="Text"/><text:sequence-decl text:display-outline-level="0" text:name="Drawing"/></text:sequence-decls><text:p text:style-name="Standard"><draw:frame draw:style-name="fr1" draw:name="Grafik1" text:anchor-type="paragraph" svg:width="19.801cm" svg:height="27.457cm" draw:z-index="0"><draw:image xlink:href="Pictures/10000000000003460000048AF156B77F.jpg" xlink:type="simple" xlink:show="embed" xlink:actuate="onLoad"/></draw:frame></text:p><text:p text:style-name="Standard"/><text:p text:style-name="Standard"><draw:frame draw:style-name="fr1" draw:name="Grafik2" text:anchor-type="paragraph" svg:width="19.801cm" svg:height="27.457cm" draw:z-index="1"><draw:image xlink:href="Pictures/10000000000003460000048A788E7EDC.jpg" xlink:type="simple" xlink:show="embed" xlink:actuate="onLoad"/></draw:frame><text:soft-page-break/></text:p><text:p text:style-name="Standard"/><text:p text:style-name="Standard"><draw:frame draw:style-name="fr1" draw:name="Grafik3" text:anchor-type="paragraph" svg:width="19.801cm" svg:height="27.457cm" draw:z-index="2"><draw:image xlink:href="Pictures/10000000000003460000048A734494AC.jpg" xlink:type="simple" xlink:show="embed" xlink:actuate="onLoad"/></draw:frame><text:soft-page-break/></text:p><text:p text:style-name="Standard"/><text:p text:style-name="Standard"><draw:frame draw:style-name="fr1" draw:name="Grafik4" text:anchor-type="paragraph" svg:width="19.801cm" svg:height="27.457cm" draw:z-index="3"><draw:image xlink:href="Pictures/10000000000003460000048AD6948868.jpg" xlink:type="simple" xlink:show="embed" xlink:actuate="onLoad"/></draw:frame><text:soft-page-break/></text:p><text:p text:style-name="Standard"/><text:p text:style-name="Standard"><draw:frame draw:style-name="fr1" draw:name="Grafik5" text:anchor-type="paragraph" svg:width="19.801cm" svg:height="27.457cm" draw:z-index="4"><draw:image xlink:href="Pictures/10000000000003460000048A2430BC3D.jpg" xlink:type="simple" xlink:show="embed" xlink:actuate="onLoad"/></draw:frame><text:soft-page-break/></text:p><text:p text:style-name="Standard"/><text:p text:style-name="Standard"><draw:frame draw:style-name="fr1" draw:name="Grafik6" text:anchor-type="paragraph" svg:width="19.801cm" svg:height="27.457cm" draw:z-index="5"><draw:image xlink:href="Pictures/10000000000003460000048AE23C75C5.jpg" xlink:type="simple" xlink:show="embed" xlink:actuate="onLoad"/></draw:frame><text:soft-page-break/></text:p><text:p text:style-name="Standard"/><text:p text:style-name="Standard"><draw:frame draw:style-name="fr1" draw:name="Grafik7" text:anchor-type="paragraph" svg:width="19.801cm" svg:height="27.457cm" draw:z-index="6"><draw:image xlink:href="Pictures/10000000000003460000048ABE2BD9D0.jpg" xlink:type="simple" xlink:show="embed" xlink:actuate="onLoad"/></draw:frame><text:soft-page-break/></text:p><text:p text:style-name="Standard"/><text:p text:style-name="Standard"><draw:frame draw:style-name="fr1" draw:name="Grafik8" text:anchor-type="paragraph" svg:width="19.801cm" svg:height="27.457cm" draw:z-index="7"><draw:image xlink:href="Pictures/10000000000003460000048A3C78D379.jpg" xlink:type="simple" xlink:show="embed" xlink:actuate="onLoad"/></draw:frame><text:soft-page-break/></text:p><text:p text:style-name="Standard"/><text:p text:style-name="Standard"><draw:frame draw:style-name="fr1" draw:name="Grafik9" text:anchor-type="paragraph" svg:width="19.801cm" svg:height="27.457cm" draw:z-index="8"><draw:image xlink:href="Pictures/10000000000003460000048AA38B8F0B.jpg" xlink:type="simple" xlink:show="embed" xlink:actuate="onLoad"/></draw:frame><text:soft-page-break/></text:p><text:p text:style-name="Standard"/><text:p text:style-name="Standard"><draw:frame draw:style-name="fr1" draw:name="Grafik10" text:anchor-type="paragraph" svg:width="19.801cm" svg:height="27.457cm" draw:z-index="9"><draw:image xlink:href="Pictures/10000000000003460000048AC4EBCEE4.jpg" xlink:type="simple" xlink:show="embed" xlink:actuate="onLoad"/></draw:frame><text:soft-page-break/></text:p><text:p text:style-name="Standard"/><text:p text:style-name="Standard"><draw:frame draw:style-name="fr1" draw:name="Grafik11" text:anchor-type="paragraph" svg:width="19.801cm" svg:height="27.457cm" draw:z-index="10"><draw:image xlink:href="Pictures/10000000000003460000048A99B50008.jpg" xlink:type="simple" xlink:show="embed" xlink:actuate="onLoad"/></draw:frame><text:soft-page-break/></text:p><text:p text:style-name="Standard"/><text:p text:style-name="Standard"><draw:frame draw:style-name="fr1" draw:name="Grafik12" text:anchor-type="paragraph" svg:width="19.801cm" svg:height="27.457cm" draw:z-index="11"><draw:image xlink:href="Pictures/10000000000003460000048AAB97C7E7.jpg" xlink:type="simple" xlink:show="embed" xlink:actuate="onLoad"/></draw:frame><text:soft-page-break/></text:p><text:p text:style-name="Standard"/><text:p text:style-name="Standard"><draw:frame draw:style-name="fr1" draw:name="Grafik13" text:anchor-type="paragraph" svg:width="19.801cm" svg:height="27.457cm" draw:z-index="12"><draw:image xlink:href="Pictures/10000000000003460000048AAE8F5F24.jpg" xlink:type="simple" xlink:show="embed" xlink:actuate="onLoad"/></draw:frame><text:soft-page-break/></text:p><text:p text:style-name="Standard"/><text:p text:style-name="Standard"><draw:frame draw:style-name="fr2" draw:name="Grafik14" text:anchor-type="paragraph" svg:width="18.879cm" svg:height="26.591cm" draw:z-index="13"><draw:image xlink:href="Pictures/10000000000003390000048AA4722814.jpg" xlink:type="simple" xlink:show="embed" xlink:actuate="onLoad"/></draw:frame><text:soft-page-break/></text:p></office:text></office:body></office:document-content>