<?xml version="1.0" encoding="UTF-8"?>
<office:document-meta xmlns:office="urn:oasis:names:tc:opendocument:xmlns:office:1.0" xmlns:xlink="http://www.w3.org/1999/xlink" xmlns:dc="http://purl.org/dc/elements/1.1/" xmlns:meta="urn:oasis:names:tc:opendocument:xmlns:meta:1.0" xmlns:ooo="http://openoffice.org/2004/office" xmlns:grddl="http://www.w3.org/2003/g/data-view#" xmlns:textooo="http://openoffice.org/2013/office" office:version="1.2"><office:meta><meta:initial-creator>Peter Hohl</meta:initial-creator><meta:creation-date>2017-04-07T09:28:20</meta:creation-date><dc:date>2017-04-07T09:37:34</dc:date><dc:creator>Peter Hohl</dc:creator><meta:editing-duration>PT9M14S</meta:editing-duration><meta:editing-cycles>2</meta:editing-cycles><meta:generator>OpenOffice/4.1.2$Unix OpenOffice.org_project/412m3$Build-9782</meta:generator><meta:document-statistic meta:table-count="0" meta:image-count="14" meta:object-count="0" meta:page-count="14" meta:paragraph-count="0" meta:word-count="0" meta:character-count="0"/></office:meta></office:document-meta>